n,mean_daily_excess,std_daily_excess,downside_std_daily,vol_annualized,sharpe_annualized,sortino_annualized,max_drawdown,hit_rate,cumulative_return
80,0.00013165751111715313,0.0016294307311889404,0.0008822377310454757,0.025866410959992443,1.2826554427221661,2.3689739424560186,-0.010880976426670852,0.2375,0.010481796492306739
